Workbook

Sheet Feuille 1
A1: To | B1: From | C1: Type | D1: t'as amené | E1: Remarque | F1: Colour
A2: Lucile Ca | B2: Jules Ca | C2: fratrie
A3: Lucile Ca | B3: Emile Ca | C3: fratrie
A4: Lucile Ca | B4: Gaelle Ca | C4: fratrie
A5: Jules Ca | B5: Emile Ca | C5: fratrie
A6: Jules Ca | B6: Gaelle Ca | C6: fratrie
A7: Emile Ca | B7: Gaelle Ca | C7: fratrie
A8: Nina Le | B8: Gaelle Ca | C8: ami.es
A9: Nina Le | B9: Jules Ca
A10: Nina Le | B10: Lucile Ca | C10: ami.es
A11: Nina Le | B11: Emile Ca | C11: ami.es
A12: Nina Le | B12: Malorie Ro | C12: ami.es
A13: Margaux Co | B13: Jules Ca | C13: cousin.es
A14: Margaux Co | B14: Gaelle Ca | C14: cousin.es
A15: Margaux Co | B15: Lucile Ca | C15: cousin.es
A16: Margaux Co | B16: Emile Ca | C16: cousin.es
A17: Margaux Co | B17: Etienna La | C17: relation
A18: Lucile Ca | B18: Lizza Ve | C18: relation
A19: Lizza Ve | B19: Lisa Lo | C19: ami.es
A20: Lizza Ve | B20: Manon Mo | C20: ami.es
A21: Lizza Ve | B21: Mathis BR | C21: ami.es
A22: Lizza Ve | B22: Louise Al | C22: ami.es | E22: coloc
A23: Lizza Ve | B23: Adam In | C23: ami.es
A24: Lucile Ca | B24: Lisa Lo | C24: ami.es
A25: Lisa Lo | B25: Manon Mo | C25: ami.es
A26: Lisa Lo | B26: Mathis BR | C26: ami.es
A27: Lisa Lo | B27: Adam In | C27: ami.es
A28: Lucile Ca | B28: Edeina MJ | C28: ami.es
A29: Lucile Ca | B29: Manon Mo | C29: ami.es
A30: Manon Mo | B30: Mathis BR | C30: ami.es
A31: Manon Mo | B31: Adam In | C31: ami.es
A32: Lucile Ca | B32: Mathis BR | C32: ami.es
A33: Mathis BR | B33: Serena | C33: relation
A34: Mathis BR | B34: Adam In | C34: ami.es
... A36: Lucile Ca | B36: Adam In | C36: ami.es
A37: Gaelle Ca | B37: Malorie Ro | C37: ami.es | E37: cadiergue adoptée
A38: Malorie Ro | B38: Lucile Ca | C38: ami.es | E38: cadiergue adoptée
A39: Gaelle Ca | B39: Maelys Du | C39: ami.es
A40: Gaelle Ca | B40: Téo Pe | C40: ami.es | E40: mouais
A41: Gaelle Ca | B41: Manon Br | C41: ami.es
A42: Gaelle Ca | B42: Emi Jo | C42: ami.es
A43: Gaelle Ca | B43: Flora Ta | C43: ami.es
A44: Jules Ca | B44: Rémi Pe | C44: ami.es | D44: cépasimple | E44: cadiergue adopté
A45: Rémi Pe | B45: Emile Ca | C45: ami.es | E45: en cours de réciprocité
A46: Rémi Pe | B46: Gaelle Ca | C46: ami.es | E46: en cours de réciprocité
A47: Rémi Pe | B47: Lucile Ca | C47: ami.es | E47: en cours de réciprocité
A48: Jules Ca | B48: Diego Gu | C48: ami.es
A49: Jules Ca | B49: Victor Di | C49: ami.es
A50: Jules Ca | B50: Valentin Ma | C50: ami.es
A51: Jules Ca | B51: Léonard Gu | C51: ami.es
A52: Léonard Gu | B52: Emile Ca | C52: ami.es | E52: en cours de réciprocité
A53: Léonard Gu | B53: Lucile Ca | C53: ami.es | E53: en cours de réciprocité
A54: Léonard Gu | B54: Gaelle Ca | C54: ami.es | E54: en cours de réciprocité
A55: Jules Ca | B55: Anne-Flore Du | C55: ami.es
A56: Jules Ca | B56: Angélique Wa | C56: ami.es
A57: Emile Ca | B57: Arthur Ba | C57: ami.es
A58: Arthur Ba | B58: Alexis Le | C58: ami.es
A59: Arthur Ba | B59: Kévin | C59: fratrie
A60: Arthur Ba | B60: Julia Fo | C60: ami.es
A61: Arthur Ba | B61: Johan Ro | C61: ami.es | E61: ex-coloc
A62: Arthur Ba | B62: Clémence Go | C62: ami.es
A63: Arthur Ba | B63: Léa Ch | C63: ami.es
A64: Arthur Ba | B64: Camille Pr | C64: ami.es
A65: Arthur Ba | B65: Hugo Ma | C65: ami.es
A66: Arthur Ba | B66: Enora Sa | C66: ami.es
A67: Arthur Ba | B67: Margot Th | C67: ami.es
A68: Arthur Ba | B68: Etienne Co | C68: ami.es | E68: coloc
A69: Arthur Ba | B69: Elliott De | C69: ami.es
A70: Arthur Ba | B70: Gaëlle MD | C70: ami.es
A71: Arthur Ba | B71: Pierre Fo | C71: ami.es
A72: Arthur Ba | B72: Thaïs PD | C72: ami.es
A73: Arthur Ba | B73: Lucien Popov Le | C73: ami.es
A74: Emile Ca | B74: Julia Fo | C74: ami.es
A75: Julia Fo | B75: Johan Ro | C75: ami.es
A76: Julia Fo | B76: Léa Ch | C76: ami.es
A77: Julia Fo | B77: Clémence Go | C77: ami.es
A78: Julia Fo | B78: Camille Pr | C78: ami.es | E78: ex-coloc
A79: Julia Fo | B79: Hugo Ma | C79: ami.es
A80: Julia Fo | B80: Enora Sa | C80: ami.es
A81: Julia Fo | B81: Etienne Co | C81: ami.es
A82: Julia Fo | B82: Margot Th | C82: ami.es
A83: Julia Fo | B83: Elliott De | C83: ami.es
A84: Julia Fo | B84: Gaëlle MD | C84: ami.es
A85: Julia Fo | B85: Pierre Fo | C85: ami.es | E85: ex-coloc
A86: Julia Fo | B86: Thaïs PD | C86: ami.es
A87: Julia Fo | B87: Lucien Popov Le | C87: ami.es
A88: Emile Ca | B88: Johan Ro | C88: ami.es
A89: Johan Ro | B89: Léa Ch | C89: relation
A90: Johan Ro | B90: Clémence Go | C90: ami.es
A91: Johan Ro | B91: Camille Pr | C91: ami.es
A92: Johan Ro | B92: Hugo Ma | C92: ami.es
A93: Johan Ro | B93: Enora Sa | C93: ami.es
A94: Johan Ro | B94: Etienne Co | C94: ami.es
A95: Johan Ro | B95: Margot Th | C95: ami.es
A96: Johan Ro | B96: Elliott De | C96: ami.es
A97: Johan Ro | B97: Gaëlle MD | C97: ami.es
... A112: Léa Ch | B112: Lucien Popov Le | C112: ami.es
A113: Emile Ca | B113: Clémence Go | C113: ami.es | E113: ex-coloc
A114: Clémence Go | B114: Camille Pr | C114: ami.es
A115: Clémence Go | B115: Hugo Ma | C115: ami.es
...

Sheet Proposition rentrée
A1: Team | C1: Jules Ca | D1: Emile Ca | E1: Gaëlle Ca | F1: Lucile Ca | G1: Margaux Co | H1: Etienne La | I1: Nina Le | J1: Anne-Flore Du | K1: Rémi Pe | L1: Diego Gu | M1: Angélique Wa | N1: Louise Pr | O1: Victor Di | P1: Hugo Pa | Q1: Sydney Co | R1: Valentin Ma | S1: Léonard Gu | T1: Lizza Ve | U1: Lisa Lo | V1: Edeina MJ | W1: Manon Mo | X1: Mathis BR | Y1: Louise Al | Z1: Adam In | AA1: Serena Po | AB1: Malorie Ro | AC1: Maelys Du | AD1: Téo Pe | AE1: Flora Ta | AF1: Manon Br | AG1: Emi Jo | AH1: Arthur Ba | AI1: Alexis Le | AJ1: Kévin | AK1: Julia Fo | AL1: Johan Ro | AM1: Clémence Go | AN1: Léa Ch | AO1: Camille Pr | AP1: Hugo Ma | AQ1: Enora Sa | AR1: Margot Th | AS1: Elliott De | AT1: Gaëlle MD | AU1: Pierre Fo | AV1: Thaïs PD | AW1: Lucien Popov Le
A2: Mif | B2: Jules Ca
B3: Emile Ca | C3: fratrie
B4: Gaëlle Ca | C4: fratrie | D4: fratrie
B5: Lucile Ca | C5: fratrie | D5: fratrie | E5: fratrie
B6: Margaux Co | C6: cousin.es | D6: cousin.es | E6: cousin.es | F6: cousin.es
B7: Etienne La | G7: relation
B8: Nina Le
A9: Jules | B9: Anne-Flore Du | C9: relation
B10: Rémi Pe
B11: Diego Gu
B12: Angélique Wa
B13: Louise Pr
B14: Victor Di
B15: Hugo Pa
B16: Sydney Co
B17: Valentin Ma
B18: Léonard Gu
A19: Lucile | B19: Lizza Ve
B20: Lisa Lo
B21: Edeina MJ
B22: Manon Mo
B23: Mathis BR
B24: Louise Al
B25: Adam In
B26: Serena Po
A27: Gaëlle | B27: Malorie Ro
B28: Maelys Du
B29: Téo Pe
B30: Flora Ta
B31: Manon Br
B32: Emi Jo
A33: Émile | B33: Arthur Ba
B34: Alexis Le
B35: Kévin
B36: Julia Fo
B37: Johan Ro
B38: Clémence Go
B39: Léa Ch
B40: Camille Pr
B41: Hugo Ma
B42: Enora Sa
B43: Margot Th
B44: Elliott De
B45: Gaëlle MD
... B48: Lucien Popov Le

Sheet 2.0
A1: To | B1: From
A2: Jules Ca | B2: Emile Ca | C2: ='Proposition rentrée'!C3 -> fratrie
A3: Jules Ca | B3: Gaëlle Ca | C3: ='Proposition rentrée'!C4 -> fratrie
A4: Jules Ca | B4: Lucile Ca | C4: ='Proposition rentrée'!C5 -> fratrie
A5: Jules Ca | B5: Margaux Co | C5: ='Proposition rentrée'!C6 -> cousin.es
A6: Jules Ca | B6: Etienne La | C6: ='Proposition rentrée'!C7 -> 0
A7: Jules Ca | B7: Nina Le | C7: ='Proposition rentrée'!C8 -> 0
A8: Jules Ca | B8: Anne-Flore Du | C8: ='Proposition rentrée'!C9 -> relation
A9: Jules Ca | B9: Rémi Pe | C9: ='Proposition rentrée'!C10 -> 0
A10: Jules Ca | B10: Diego Gu | C10: ='Proposition rentrée'!C11 -> 0
A11: Jules Ca | B11: Angélique Wa | C11: ='Proposition rentrée'!C12 -> 0
A12: Jules Ca | B12: Louise Pr | C12: ='Proposition rentrée'!C13 -> 0
A13: Jules Ca | B13: Victor Di | C13: ='Proposition rentrée'!C14 -> 0
... A47: Jules Ca | B47: Lucien Popov Le | C47: ='Proposition rentrée'!C48 -> 0
A48: Emile Ca | B48: Gaëlle Ca | C48: ='Proposition rentrée'!D4 -> fratrie
A49: Emile Ca | B49: Lucile Ca | C49: ='Proposition rentrée'!D5 -> fratrie
A50: Emile Ca | B50: Margaux Co | C50: ='Proposition rentrée'!D6 -> cousin.es
A51: Emile Ca | B51: Etienne La | C51: ='Proposition rentrée'!D7 -> 0
A52: Emile Ca | B52: Nina Le | C52: ='Proposition rentrée'!D8 -> 0
A53: Emile Ca | B53: Anne-Flore Du | C53: ='Proposition rentrée'!D9 -> 0
A54: Emile Ca | B54: Rémi Pe | C54: ='Proposition rentrée'!D10 -> 0
A55: Emile Ca | B55: Diego Gu | C55: ='Proposition rentrée'!D11 -> 0
A56: Emile Ca | B56: Angélique Wa | C56: ='Proposition rentrée'!D12 -> 0
A57: Emile Ca | B57: Louise Pr | C57: ='Proposition rentrée'!D13 -> 0
A58: Emile Ca | B58: Victor Di | C58: ='Proposition rentrée'!D14 -> 0
A59: Emile Ca | B59: Hugo Pa | C59: ='Proposition rentrée'!D15 -> 0
... A92: Emile Ca | B92: Lucien Popov Le | C92: ='Proposition rentrée'!D48 -> 0
A93: Gaëlle Ca | B93: Lucile Ca | C93: ='Proposition rentrée'!E5 -> fratrie
A94: Gaëlle Ca | B94: Margaux Co | C94: ='Proposition rentrée'!E6 -> cousin.es
A95: Gaëlle Ca | B95: Etienne La | C95: ='Proposition rentrée'!E7 -> 0
A96: Gaëlle Ca | B96: Nina Le | C96: ='Proposition rentrée'!E8 -> 0
A97: Gaëlle Ca | B97: Anne-Flore Du | C97: ='Proposition rentrée'!E9 -> 0
A98: Gaëlle Ca | B98: Rémi Pe | C98: ='Proposition rentrée'!E10 -> 0
A99: Gaëlle Ca | B99: Diego Gu | C99: ='Proposition rentrée'!E11 -> 0
A100: Gaëlle Ca | B100: Angélique Wa | C100: ='Proposition rentrée'!E12 -> 0
A101: Gaëlle Ca | B101: Louise Pr | C101: ='Proposition rentrée'!E13 -> 0
A102: Gaëlle Ca | B102: Victor Di | C102: ='Proposition rentrée'!E14 -> 0
A103: Gaëlle Ca | B103: Hugo Pa | C103: ='Proposition rentrée'!E15 -> 0
A104: Gaëlle Ca | B104: Sydney Co | C104: ='Proposition rentrée'!E16 -> 0
... A136: Gaëlle Ca | B136: Lucien Popov Le | C136: ='Proposition rentrée'!E48 -> 0
A137: Lucile Ca | B137: Margaux Co | C137: ='Proposition rentrée'!F6 -> cousin.es
A138: Lucile Ca | B138: Etienne La | C138: ='Proposition rentrée'!F7 -> 0
A139: Lucile Ca | B139: Nina Le | C139: ='Proposition rentrée'!F8 -> 0
A140: Lucile Ca | B140: Anne-Flore Du | C140: ='Proposition rentrée'!F9 -> 0
A141: Lucile Ca | B141: Rémi Pe | C141: ='Proposition rentrée'!F10 -> 0
A142: Lucile Ca | B142: Diego Gu | C142: ='Proposition rentrée'!F11 -> 0
A143: Lucile Ca | B143: Angélique Wa | C143: ='Proposition rentrée'!F12 -> 0
A144: Lucile Ca | B144: Louise Pr | C144: ='Proposition rentrée'!F13 -> 0
A145: Lucile Ca | B145: Victor Di | C145: ='Proposition rentrée'!F14 -> 0
A146: Lucile Ca | B146: Hugo Pa | C146: ='Proposition rentrée'!F15 -> 0
A147: Lucile Ca | B147: Sydney Co | C147: ='Proposition rentrée'!F16 -> 0
A148: Lucile Ca | B148: Valentin Ma | C148: ='Proposition rentrée'!F17 -> 0
... A179: Lucile Ca | B179: Lucien Popov Le | C179: ='Proposition rentrée'!F48 -> 0
A180: Margaux Co | B180: Etienne La | C180: ='Proposition rentrée'!G7 -> relation
A181: Margaux Co | B181: Nina Le | C181: ='Proposition rentrée'!G8 -> 0
A182: Margaux Co | B182: Anne-Flore Du | C182: ='Proposition rentrée'!G9 -> 0
A183: Margaux Co | B183: Rémi Pe | C183: ='Proposition rentrée'!G10 -> 0
A184: Margaux Co | B184: Diego Gu | C184: ='Proposition rentrée'!G11 -> 0
A185: Margaux Co | B185: Angélique Wa | C185: ='Proposition rentrée'!G12 -> 0
A186: Margaux Co | B186: Louise Pr | C186: ='Proposition rentrée'!G13 -> 0
A187: Margaux Co | B187: Victor Di | C187: ='Proposition rentrée'!G14 -> 0
A188: Margaux Co | B188: Hugo Pa | C188: ='Proposition rentrée'!G15 -> 0
A189: Margaux Co | B189: Sydney Co | C189: ='Proposition rentrée'!G16 -> 0
A190: Margaux Co | B190: Valentin Ma | C190: ='Proposition rentrée'!G17 -> 0
A191: Margaux Co | B191: Léonard Gu | C191: ='Proposition rentrée'!G18 -> 0
... A221: Margaux Co | B221: Lucien Popov Le | C221: ='Proposition rentrée'!G48 -> 0
A222: Etienne La | B222: Nina Le | C222: ='Proposition rentrée'!H8 -> 0
A223: Etienne La | B223: Anne-Flore Du | C223: ='Proposition rentrée'!H9 -> 0
A224: Etienne La | B224: Rémi Pe | C224: ='Proposition rentrée'!H10 -> 0
A225: Etienne La | B225: Diego Gu | C225: ='Proposition rentrée'!H11 -> 0
A226: Etienne La | B226: Angélique Wa | C226: ='Proposition rentrée'!H12 -> 0
A227: Etienne La | B227: Louise Pr | C227: ='Proposition rentrée'!H13 -> 0
A228: Etienne La | B228: Victor Di | C228: ='Proposition rentrée'!H14 -> 0
A229: Etienne La | B229: Hugo Pa | C229: ='Proposition rentrée'!H15 -> 0
A230: Etienne La | B230: Sydney Co | C230: ='Proposition rentrée'!H16 -> 0
A231: Etienne La | B231: Valentin Ma | C231: ='Proposition rentrée'!H17 -> 0
A232: Etienne La | B232: Léonard Gu | C232: ='Proposition rentrée'!H18 -> 0
A233: Etienne La | B233: Lizza Ve | C233: ='Proposition rentrée'!H19 -> 0
... A262: Etienne La | B262: Lucien Popov Le | C262: ='Proposition rentrée'!H48 -> 0
A263: Nina Le | B263: Anne-Flore Du | C263: ='Proposition rentrée'!I9 -> 0
A264: Nina Le | B264: Rémi Pe | C264: ='Proposition rentrée'!I10 -> 0
A265: Nina Le | B265: Diego Gu | C265: ='Proposition rentrée'!I11 -> 0
A266: Nina Le | B266: Angélique Wa | C266: ='Proposition rentrée'!I12 -> 0
A267: Nina Le | B267: Louise Pr | C267: ='Proposition rentrée'!I13 -> 0
A268: Nina Le | B268: Victor Di | C268: ='Proposition rentrée'!I14 -> 0
A269: Nina Le | B269: Hugo Pa | C269: ='Proposition rentrée'!I15 -> 0
A270: Nina Le | B270: Sydney Co | C270: ='Proposition rentrée'!I16 -> 0
A271: Nina Le | B271: Valentin Ma | C271: ='Proposition rentrée'!I17 -> 0
A272: Nina Le | B272: Léonard Gu | C272: ='Proposition rentrée'!I18 -> 0
A273: Nina Le | B273: Lizza Ve | C273: ='Proposition rentrée'!I19 -> 0
A274: Nina Le | B274: Lisa Lo | C274: ='Proposition rentrée'!I20 -> 0
... A302: Nina Le | B302: Lucien Popov Le | C302: ='Proposition rentrée'!I48 -> 0
A303: Anne-Flore Du | B303: Rémi Pe | C303: ='Proposition rentrée'!J10 -> 0
A304: Anne-Flore Du | B304: Diego Gu | C304: ='Proposition rentrée'!J11 -> 0
A305: Anne-Flore Du | B305: Angélique Wa | C305: ='Proposition rentrée'!J12 -> 0
A306: Anne-Flore Du | B306: Louise Pr | C306: ='Proposition rentrée'!J13 -> 0
A307: Anne-Flore Du | B307: Victor Di | C307: ='Proposition rentrée'!J14 -> 0
A308: Anne-Flore Du | B308: Hugo Pa | C308: ='Proposition rentrée'!J15 -> 0
A309: Anne-Flore Du | B309: Sydney Co | C309: ='Proposition rentrée'!J16 -> 0
A310: Anne-Flore Du | B310: Valentin Ma | C310: ='Proposition rentrée'!J17 -> 0
...

Sheet Copie de 2.0
A1: To | B1: From
A2: Jules Ca | B2: Jules Ca | C2: ='Proposition rentrée'!C2 -> 0
A3: Jules Ca | B3: Emile Ca | C3: ='Proposition rentrée'!C3 -> fratrie
A4: Jules Ca | B4: Gaëlle Ca | C4: ='Proposition rentrée'!C4 -> fratrie
A5: Jules Ca | B5: Lucile Ca | C5: ='Proposition rentrée'!C5 -> fratrie
A6: Jules Ca | B6: Margaux Co | C6: ='Proposition rentrée'!C6 -> cousin.es
A7: Jules Ca | B7: Etienne La | C7: ='Proposition rentrée'!C7 -> 0
A8: Jules Ca | B8: Nina Le | C8: ='Proposition rentrée'!C8 -> 0
A9: Jules Ca | B9: Anne-Flore Du | C9: ='Proposition rentrée'!C9 -> relation
A10: Jules Ca | B10: Rémi Pe | C10: ='Proposition rentrée'!C10 -> 0
A11: Jules Ca | B11: Diego Gu | C11: ='Proposition rentrée'!C11 -> 0
A12: Jules Ca | B12: Angélique Wa | C12: ='Proposition rentrée'!C12 -> 0
A13: Jules Ca | B13: Louise Pr | C13: ='Proposition rentrée'!C13 -> 0
... A48: Jules Ca | B48: Lucien Popov Le | C48: ='Proposition rentrée'!C48 -> 0
B49: Jules Ca | C49: ='Proposition rentrée'!D2 -> 0
A50: Emile Ca | B50: Emile Ca | C50: ='Proposition rentrée'!D3 -> 0
A51: Emile Ca | B51: Gaëlle Ca | C51: ='Proposition rentrée'!D4 -> fratrie
A52: Emile Ca | B52: Lucile Ca | C52: ='Proposition rentrée'!D5 -> fratrie
A53: Emile Ca | B53: Margaux Co | C53: ='Proposition rentrée'!D6 -> cousin.es
A54: Emile Ca | B54: Etienne La | C54: ='Proposition rentrée'!D7 -> 0
A55: Emile Ca | B55: Nina Le | C55: ='Proposition rentrée'!D8 -> 0
A56: Emile Ca | B56: Anne-Flore Du | C56: ='Proposition rentrée'!D9 -> 0
A57: Emile Ca | B57: Rémi Pe | C57: ='Proposition rentrée'!D10 -> 0
A58: Emile Ca | B58: Diego Gu | C58: ='Proposition rentrée'!D11 -> 0
A59: Emile Ca | B59: Angélique Wa | C59: ='Proposition rentrée'!D12 -> 0
A60: Emile Ca | B60: Louise Pr | C60: ='Proposition rentrée'!D13 -> 0
A61: Emile Ca | B61: Victor Di | C61: ='Proposition rentrée'!D14 -> 0
... A95: Emile Ca | B95: Lucien Popov Le | C95: ='Proposition rentrée'!D48 -> 0
B96: Jules Ca | C96: ='Proposition rentrée'!E2 -> 0
B97: Emile Ca | C97: ='Proposition rentrée'!E3 -> 0
A98: Gaëlle Ca | B98: Gaëlle Ca | C98: ='Proposition rentrée'!E4 -> 0
A99: Gaëlle Ca | B99: Lucile Ca | C99: ='Proposition rentrée'!E5 -> fratrie
A100: Gaëlle Ca | B100: Margaux Co | C100: ='Proposition rentrée'!E6 -> cousin.es
A101: Gaëlle Ca | B101: Etienne La | C101: ='Proposition rentrée'!E7 -> 0
A102: Gaëlle Ca | B102: Nina Le | C102: ='Proposition rentrée'!E8 -> 0
A103: Gaëlle Ca | B103: Anne-Flore Du | C103: ='Proposition rentrée'!E9 -> 0
A104: Gaëlle Ca | B104: Rémi Pe | C104: ='Proposition rentrée'!E10 -> 0
A105: Gaëlle Ca | B105: Diego Gu | C105: ='Proposition rentrée'!E11 -> 0
A106: Gaëlle Ca | B106: Angélique Wa | C106: ='Proposition rentrée'!E12 -> 0
A107: Gaëlle Ca | B107: Louise Pr | C107: ='Proposition rentrée'!E13 -> 0
A108: Gaëlle Ca | B108: Victor Di | C108: ='Proposition rentrée'!E14 -> 0
A109: Gaëlle Ca | B109: Hugo Pa | C109: ='Proposition rentrée'!E15 -> 0
... A142: Gaëlle Ca | B142: Lucien Popov Le | C142: ='Proposition rentrée'!E48 -> 0
B143: Jules Ca | C143: ='Proposition rentrée'!F2 -> 0
B144: Emile Ca | C144: ='Proposition rentrée'!F3 -> 0
B145: Gaëlle Ca | C145: ='Proposition rentrée'!F4 -> 0
A146: Lucile Ca | B146: Lucile Ca | C146: ='Proposition rentrée'!F5 -> 0
A147: Lucile Ca | B147: Margaux Co | C147: ='Proposition rentrée'!F6 -> cousin.es
A148: Lucile Ca | B148: Etienne La | C148: ='Proposition rentrée'!F7 -> 0
A149: Lucile Ca | B149: Nina Le | C149: ='Proposition rentrée'!F8 -> 0
A150: Lucile Ca | B150: Anne-Flore Du | C150: ='Proposition rentrée'!F9 -> 0
A151: Lucile Ca | B151: Rémi Pe | C151: ='Proposition rentrée'!F10 -> 0
A152: Lucile Ca | B152: Diego Gu | C152: ='Proposition rentrée'!F11 -> 0
A153: Lucile Ca | B153: Angélique Wa | C153: ='Proposition rentrée'!F12 -> 0
A154: Lucile Ca | B154: Louise Pr | C154: ='Proposition rentrée'!F13 -> 0
A155: Lucile Ca | B155: Victor Di | C155: ='Proposition rentrée'!F14 -> 0
A156: Lucile Ca | B156: Hugo Pa | C156: ='Proposition rentrée'!F15 -> 0
A157: Lucile Ca | B157: Sydney Co | C157: ='Proposition rentrée'!F16 -> 0
... A189: Lucile Ca | B189: Lucien Popov Le | C189: ='Proposition rentrée'!F48 -> 0
B190: Jules Ca | C190: ='Proposition rentrée'!G2 -> 0
B191: Emile Ca | C191: ='Proposition rentrée'!G3 -> 0
B192: Gaëlle Ca | C192: ='Proposition rentrée'!G4 -> 0
B193: Lucile Ca | C193: ='Proposition rentrée'!G5 -> 0
A194: Margaux Co | B194: Margaux Co | C194: ='Proposition rentrée'!G6 -> 0
A195: Margaux Co | B195: Etienne La | C195: ='Proposition rentrée'!G7 -> relation
A196: Margaux Co | B196: Nina Le | C196: ='Proposition rentrée'!G8 -> 0
A197: Margaux Co | B197: Anne-Flore Du | C197: ='Proposition rentrée'!G9 -> 0
A198: Margaux Co | B198: Rémi Pe | C198: ='Proposition rentrée'!G10 -> 0
A199: Margaux Co | B199: Diego Gu | C199: ='Proposition rentrée'!G11 -> 0
A200: Margaux Co | B200: Angélique Wa | C200: ='Proposition rentrée'!G12 -> 0
A201: Margaux Co | B201: Louise Pr | C201: ='Proposition rentrée'!G13 -> 0
A202: Margaux Co | B202: Victor Di | C202: ='Proposition rentrée'!G14 -> 0
A203: Margaux Co | B203: Hugo Pa | C203: ='Proposition rentrée'!G15 -> 0
A204: Margaux Co | B204: Sydney Co | C204: ='Proposition rentrée'!G16 -> 0
A205: Margaux Co | B205: Valentin Ma | C205: ='Proposition rentrée'!G17 -> 0
... A236: Margaux Co | B236: Lucien Popov Le | C236: ='Proposition rentrée'!G48 -> 0
B237: Jules Ca | C237: ='Proposition rentrée'!H2 -> 0
B238: Emile Ca | C238: ='Proposition rentrée'!H3 -> 0
B239: Gaëlle Ca | C239: ='Proposition rentrée'!H4 -> 0
B240: Lucile Ca | C240: ='Proposition rentrée'!H5 -> 0
B241: Margaux Co | C241: ='Proposition rentrée'!H6 -> 0
A242: Etienne La | B242: Etienne La | C242: ='Proposition rentrée'!H7 -> 0
A243: Etienne La | B243: Nina Le | C243: ='Proposition rentrée'!H8 -> 0
A244: Etienne La | B244: Anne-Flore Du | C244: ='Proposition rentrée'!H9 -> 0
A245: Etienne La | B245: Rémi Pe | C245: ='Proposition rentrée'!H10 -> 0
A246: Etienne La | B246: Diego Gu | C246: ='Proposition rentrée'!H11 -> 0
A247: Etienne La | B247: Angélique Wa | C247: ='Proposition rentrée'!H12 -> 0
A248: Etienne La | B248: Louise Pr | C248: ='Proposition rentrée'!H13 -> 0
A249: Etienne La | B249: Victor Di | C249: ='Proposition rentrée'!H14 -> 0
A250: Etienne La | B250: Hugo Pa | C250: ='Proposition rentrée'!H15 -> 0
A251: Etienne La | B251: Sydney Co | C251: ='Proposition rentrée'!H16 -> 0
A252: Etienne La | B252: Valentin Ma | C252: ='Proposition rentrée'!H17 -> 0
A253: Etienne La | B253: Léonard Gu | C253: ='Proposition rentrée'!H18 -> 0
... A283: Etienne La | B283: Lucien Popov Le | C283: ='Proposition rentrée'!H48 -> 0
B284: Jules Ca | C284: ='Proposition rentrée'!I2 -> 0
B285: Emile Ca | C285: ='Proposition rentrée'!I3 -> 0
B286: Gaëlle Ca | C286: ='Proposition rentrée'!I4 -> 0
B287: Lucile Ca | C287: ='Proposition rentrée'!I5 -> 0
B288: Margaux Co | C288: ='Proposition rentrée'!I6 -> 0
B289: Etienne La | C289: ='Proposition rentrée'!I7 -> 0
...
